{
    "Accented": [
        "#9467bd",
        "#d62728",
        "#2ca02c",
        "#ff7f0e",
        "#1f77b4",
        "#17becf",
        "#bcbd22",
        "#7f7f7f",
        "#e377c2",
        "#8c564b",
        "#9467bd",
        "#d62728",
        "#2ca02c",
        "#ff7f0e",
        "#1f77b4"
    ],
    "Rainbow": [
        "#db5784",
        "#db57b9",
        "#c957db",
        "#9457db",
        "#5f57db",
        "#5784db",
        "#57b9db",
        "#57dbc9",
        "#57db94",
        "#57db5f",
        "#84db57",
        "#b9db57",
        "#dbc957",
        "#db9457",
        "#db5f57"
    ],
    "Muted": [
        "#f66ab7",
        "#f560e4",
        "#cc7af4",
        "#9591f4",
        "#3ba3ec",
        "#38a9c5",
        "#36acae",
        "#35ae99",
        "#33b07a",
        "#50b131",
        "#8ea631",
        "#ae9d31",
        "#ca9232",
        "#f37a32",
        "#f77189"
    ],
    "Contrasty": [
        "#b2df8a",
        "#1f78b4",
        "#a6cee3",
        "#b15928",
        "#ffff99",
        "#6a3d9a",
        "#cab2d6",
        "#ff7f00",
        "#fdbf6f",
        "#e31a1c",
        "#fb9a99",
        "#33a02c",
        "#b2df8a",
        "#1f78b4",
        "#a6cee3"
    ],
    "Summer": [
        "#bf5b17",
        "#f0027f",
        "#386cb0",
        "#ffff99",
        "#fdc086",
        "#beaed4",
        "#7fc97f",
        "#666666",
        "#bf5b17",
        "#f0027f",
        "#386cb0",
        "#ffff99",
        "#fdc086",
        "#beaed4",
        "#7fc97f"
    ],
    "Bright": [
        "#a6761d",
        "#e6ab02",
        "#66a61e",
        "#e7298a",
        "#7570b3",
        "#d95f02",
        "#1b9e77",
        "#666666",
        "#a6761d",
        "#e6ab02",
        "#66a61e",
        "#e7298a",
        "#7570b3",
        "#d95f02",
        "#1b9e77"
    ],
    "Dark 1": [
        "#8b2be2",
        "#e8000b",
        "#1ac938",
        "#ff7c00",
        "#023eff",
        "#00d7ff",
        "#ffc400",
        "#a3a3a3",
        "#f14cc1",
        "#9f4800",
        "#8b2be2",
        "#e8000b",
        "#1ac938",
        "#ff7c00",
        "#023eff"
    ],
    "Dark 2": [
        "#591e71",
        "#8c0800",
        "#12711c",
        "#b1400d",
        "#001c7f",
        "#006374",
        "#b8850a",
        "#3c3c3c",
        "#a23582",
        "#592f0d",
        "#591e71",
        "#8c0800",
        "#12711c",
        "#b1400d",
        "#001c7f"
    ],
    "Pastel 1": [
        "#ffffcc",
        "#fed9a6",
        "#decbe4",
        "#ccebc5",
        "#b3cde3",
        "#fbb4ae",
        "#f2f2f2",
        "#fddaec",
        "#e5d8bd",
        "#ffffcc",
        "#fed9a6",
        "#decbe4",
        "#ccebc5",
        "#b3cde3",
        "#fbb4ae"
    ],
    "Pastel 2": [
        "#f1e2cc",
        "#fff2ae",
        "#e6f5c9",
        "#f4cae4",
        "#cbd5e8",
        "#fdcdac",
        "#b3e2cd",
        "#cccccc",
        "#f1e2cc",
        "#fff2ae",
        "#e6f5c9",
        "#f4cae4",
        "#cbd5e8",
        "#fdcdac",
        "#b3e2cd"
    ],
    "Pastel 3": [
        "#ffff33",
        "#ff7f00",
        "#984ea3",
        "#4daf4a",
        "#377eb8",
        "#e41a1c",
        "#999999",
        "#f781bf",
        "#a65628",
        "#ffff33",
        "#ff7f00",
        "#984ea3",
        "#4daf4a",
        "#377eb8",
        "#e41a1c"
    ],
    "Set 1": [
        "#e5c494",
        "#ffd92f",
        "#a6d854",
        "#e78ac3",
        "#8da0cb",
        "#fc8d62",
        "#66c2a5",
        "#b3b3b3",
        "#e5c494",
        "#ffd92f",
        "#a6d854",
        "#e78ac3",
        "#8da0cb",
        "#fc8d62",
        "#66c2a5"
    ],
    "Set 2": [
        "#bebada",
        "#ffffb3",
        "#8dd3c7",
        "#ffed6f",
        "#ccebc5",
        "#bc80bd",
        "#d9d9d9",
        "#fccde5",
        "#b3de69",
        "#fdb462",
        "#80b1d3",
        "#fb8072",
        "#bebada",
        "#ffffb3",
        "#8dd3c7"
    ],
    "Set 3": [
        "#cc78bc",
        "#d55e00",
        "#029e73",
        "#de8f05",
        "#0173b2",
        "#56b4e9",
        "#ece133",
        "#949494",
        "#fbafe4",
        "#ca9161",
        "#cc78bc",
        "#d55e00",
        "#029e73",
        "#de8f05",
        "#0173b2"
    ]
}