{
    "0": {
        "r": 0.7648529270389177,
        "s": 0.36055512754639896,
        "theta": 101.30993247402021,
        "phi": 101.30993247402021,
        "e": 0.075,
        "f": 0.4,
        "prob": 0.02,
        "color": [
            255,
            0,
            0
        ]
    },
    "1": {
        "r": 0.8007925124849757,
        "s": 0.2715356981208917,
        "theta": 102.54110043925235,
        "phi": 102.54110043925235,
        "e": 0.024275,
        "f": 0.406246,
        "prob": 0.02,
        "color": [
            0,
            255,
            0
        ]
    },
    "2": {
        "r": 0.8244432246140422,
        "s": 0.18786456273869215,
        "theta": 103.68329049642153,
        "phi": 103.68329049642153,
        "e": -0.026832,
        "f": 0.406085,
        "prob": 0.02,
        "color": [
            0,
            0,
            255
        ]
    },
    "3": {
        "r": 0.835404181926928,
        "s": 0.13076784302342834,
        "theta": 104.77804903680762,
        "phi": 104.77804903680762,
        "e": -0.077517,
        "f": 0.39952,
        "prob": 0.02,
        "color": [
            255,
            255,
            0
        ]
    },
    "4": {
        "r": 0.8334891461470869,
        "s": 0.1424628896695557,
        "theta": 105.86104645391084,
        "phi": 105.86104645391084,
        "e": -0.126979,
        "f": 0.386654,
        "prob": 0.02,
        "color": [
            255,
            0,
            255
        ]
    },
    "5": {
        "r": 0.8187310093699883,
        "s": 0.2113748860484613,
        "theta": 106.96606415562084,
        "phi": 106.96606415562084,
        "e": -0.174438,
        "f": 0.367691,
        "prob": 0.02,
        "color": [
            0,
            255,
            255
        ]
    },
    "6": {
        "r": 0.7913800586987265,
        "s": 0.2978565475929646,
        "theta": 108.12985080158387,
        "phi": 108.12985080158387,
        "e": -0.219146,
        "f": 0.342929,
        "prob": 0.02,
        "color": [
            128,
            0,
            0
        ]
    },
    "7": {
        "r": 0.7519002100943981,
        "s": 0.38684132332004034,
        "theta": 109.39708964155305,
        "phi": 109.39708964155305,
        "e": -0.260399,
        "f": 0.312758,
        "prob": 0.02,
        "color": [
            0,
            128,
            0
        ]
    },
    "8": {
        "r": 0.7009757457722771,
        "s": 0.47289955197694994,
        "theta": 110.827862417666,
        "phi": 110.827862417666,
        "e": -0.297544,
        "f": 0.277655,
        "prob": 0.02,
        "color": [
            0,
            0,
            128
        ]
    },
    "9": {
        "r": 0.6395054818474974,
        "s": 0.5532030453576697,
        "theta": 112.51007102277444,
        "phi": 112.51007102277444,
        "e": -0.329997,
        "f": 0.238174,
        "prob": 0.02,
        "color": [
            128,
            128,
            0
        ]
    },
    "10": {
        "r": 0.5686248785412049,
        "s": 0.6258320506286011,
        "theta": 114.58408553262909,
        "phi": 114.58408553262909,
        "e": -0.357246,
        "f": 0.194936,
        "prob": 0.02,
        "color": [
            128,
            0,
            128
        ]
    },
    "11": {
        "r": 0.48974241036385646,
        "s": 0.6893129686071487,
        "theta": 117.292740953788,
        "phi": 117.292740953788,
        "e": -0.378861,
        "f": 0.148624,
        "prob": 0.02,
        "color": [
            0,
            128,
            128
        ]
    },
    "12": {
        "r": 0.4046652636154974,
        "s": 0.7424596324413874,
        "theta": 121.10014953200833,
        "phi": 121.10014953200833,
        "e": -0.394501,
        "f": 0.099968,
        "prob": 0.02,
        "color": [
            255,
            128,
            0
        ]
    },
    "13": {
        "r": 0.3159651154700468,
        "s": 0.7843250104981989,
        "theta": 127.00782177054147,
        "phi": 127.00782177054147,
        "e": -0.40392,
        "f": 0.049736,
        "prob": 0.02,
        "color": [
            255,
            0,
            128
        ]
    },
    "14": {
        "r": 0.22826288572608558,
        "s": 0.8141842835998494,
        "theta": 137.52116246923205,
        "phi": 137.52116246923205,
        "e": -0.406969,
        "f": -0.001281,
        "prob": 0.02,
        "color": [
            0,
            255,
            128
        ]
    },
    "15": {
        "r": 0.15350388528307676,
        "s": 0.8315272006663401,
        "theta": 159.5813472393114,
        "phi": 159.5813472393114,
        "e": -0.403599,
        "f": -0.052278,
        "prob": 0.02,
        "color": [
            128,
            255,
            0
        ]
    },
    "16": {
        "r": 0.12651183658851847,
        "s": 0.8360590575527546,
        "theta": -157.75857855773774,
        "phi": -157.75857855773774,
        "e": -0.393864,
        "f": -0.10245,
        "prob": 0.02,
        "color": [
            128,
            0,
            255
        ]
    },
    "17": {
        "r": 0.17292909890472455,
        "s": 0.8277052170072386,
        "theta": -120.77874438364566,
        "phi": -120.77874438364566,
        "e": -0.377918,
        "f": -0.151006,
        "prob": 0.02,
        "color": [
            0,
            128,
            255
        ]
    },
    "18": {
        "r": 0.25374689459577626,
        "s": 0.8066054824931455,
        "theta": -103.32658969601393,
        "phi": -103.32658969601393,
        "e": -0.356012,
        "f": -0.197181,
        "prob": 0.02,
        "color": [
            192,
            192,
            192
        ]
    },
    "19": {
        "r": 0.34247304877902435,
        "s": 0.7731184881872895,
        "theta": -94.61645359804454,
        "phi": -94.61645359804454,
        "e": -0.328492,
        "f": -0.240246,
        "prob": 0.02,
        "color": [
            7,
            141,
            17
        ]
    },
    "20": {
        "r": 0.430443738420017,
        "s": 0.727817216598371,
        "theta": -89.494713062682,
        "phi": -89.494713062682,
        "e": -0.29579,
        "f": -0.279523,
        "prob": 0.02,
        "color": [
            250,
            167,
            24
        ]
    },
    "21": {
        "r": 0.5139037367455116,
        "s": 0.6714927471127293,
        "theta": -86.0841662126999,
        "phi": -86.0841662126999,
        "e": -0.258425,
        "f": -0.314391,
        "prob": 0.02,
        "color": [
            209,
            126,
            225
        ]
    },
    "22": {
        "r": 0.5905767604545576,
        "s": 0.6051601101791162,
        "theta": -83.59892230351787,
        "phi": -83.59892230351787,
        "e": -0.216983,
        "f": -0.344301,
        "prob": 0.02,
        "color": [
            149,
            92,
            42
        ]
    },
    "23": {
        "r": 0.6587959861747793,
        "s": 0.5300820850245743,
        "theta": -81.66056006177911,
        "phi": -81.66056006177911,
        "e": -0.17212,
        "f": -0.368782,
        "prob": 0.02,
        "color": [
            131,
            95,
            192
        ]
    },
    "24": {
        "r": 0.7172424821474255,
        "s": 0.4478426304908902,
        "theta": -80.06463066626408,
        "phi": -80.06463066626408,
        "e": -0.124542,
        "f": -0.387446,
        "prob": 0.02,
        "color": [
            167,
            230,
            105
        ]
    },
    "25": {
        "r": 0.7648529270389177,
        "s": 0.36055512754639896,
        "theta": -78.69006752597979,
        "phi": -78.69006752597979,
        "e": -0.075,
        "f": -0.4,
        "prob": 0.02,
        "color": [
            109,
            52,
            203
        ]
    },
    "26": {
        "r": 0.8007925124849757,
        "s": 0.2715356981208917,
        "theta": -77.45889956074765,
        "phi": -77.45889956074765,
        "e": -0.024275,
        "f": -0.406246,
        "prob": 0.02,
        "color": [
            149,
            95,
            184
        ]
    },
    "27": {
        "r": 0.8244432246140422,
        "s": 0.18786456273869215,
        "theta": -76.31670950357847,
        "phi": -76.31670950357847,
        "e": 0.026832,
        "f": -0.406085,
        "prob": 0.02,
        "color": [
            244,
            116,
            126
        ]
    },
    "28": {
        "r": 0.835404181926928,
        "s": 0.13076784302342834,
        "theta": -75.22195096319238,
        "phi": -75.22195096319238,
        "e": 0.077517,
        "f": -0.39952,
        "prob": 0.02,
        "color": [
            141,
            11,
            89
        ]
    },
    "29": {
        "r": 0.8334891461470869,
        "s": 0.1424628896695557,
        "theta": -74.13895354608918,
        "phi": -74.13895354608918,
        "e": 0.126979,
        "f": -0.386654,
        "prob": 0.02,
        "color": [
            220,
            248,
            234
        ]
    },
    "30": {
        "r": 0.8187310093699883,
        "s": 0.2113748860484613,
        "theta": -73.03393584437917,
        "phi": -73.03393584437917,
        "e": 0.174438,
        "f": -0.367691,
        "prob": 0.02,
        "color": [
            66,
            25,
            64
        ]
    },
    "31": {
        "r": 0.7913800586987265,
        "s": 0.2978565475929646,
        "theta": -71.87014919841613,
        "phi": -71.87014919841613,
        "e": 0.219146,
        "f": -0.342929,
        "prob": 0.02,
        "color": [
            154,
            50,
            113
        ]
    },
    "32": {
        "r": 0.7519002100943981,
        "s": 0.38684132332004034,
        "theta": -70.60291035844695,
        "phi": -70.60291035844695,
        "e": 0.260399,
        "f": -0.312758,
        "prob": 0.02,
        "color": [
            161,
            60,
            104
        ]
    },
    "33": {
        "r": 0.7009757457722771,
        "s": 0.47289955197694994,
        "theta": -69.17213758233403,
        "phi": -69.17213758233403,
        "e": 0.297544,
        "f": -0.277655,
        "prob": 0.02,
        "color": [
            213,
            71,
            114
        ]
    },
    "34": {
        "r": 0.6395054818474974,
        "s": 0.5532030453576697,
        "theta": -67.48992897722557,
        "phi": -67.48992897722557,
        "e": 0.329997,
        "f": -0.238174,
        "prob": 0.02,
        "color": [
            70,
            189,
            219
        ]
    },
    "35": {
        "r": 0.5686248785412049,
        "s": 0.6258320506286011,
        "theta": -65.41591446737091,
        "phi": -65.41591446737091,
        "e": 0.357246,
        "f": -0.194936,
        "prob": 0.02,
        "color": [
            26,
            82,
            3
        ]
    },
    "36": {
        "r": 0.48974241036385646,
        "s": 0.6893129686071487,
        "theta": -62.707259046212016,
        "phi": -62.707259046212016,
        "e": 0.378861,
        "f": -0.148624,
        "prob": 0.02,
        "color": [
            183,
            198,
            135
        ]
    },
    "37": {
        "r": 0.4046652636154974,
        "s": 0.7424596324413874,
        "theta": -58.89985046799167,
        "phi": -58.89985046799167,
        "e": 0.394501,
        "f": -0.099968,
        "prob": 0.02,
        "color": [
            123,
            84,
            85
        ]
    },
    "38": {
        "r": 0.3159651154700468,
        "s": 0.7843250104981989,
        "theta": -52.99217822945856,
        "phi": -52.99217822945856,
        "e": 0.40392,
        "f": -0.049736,
        "prob": 0.02,
        "color": [
            214,
            37,
            147
        ]
    },
    "39": {
        "r": 0.22826288572608558,
        "s": 0.8141842835998494,
        "theta": -42.47883753076795,
        "phi": -42.47883753076795,
        "e": 0.406969,
        "f": 0.001281,
        "prob": 0.02,
        "color": [
            178,
            91,
            213
        ]
    },
    "40": {
        "r": 0.15350388528307676,
        "s": 0.8315272006663401,
        "theta": -20.418652760688584,
        "phi": -20.418652760688584,
        "e": 0.403599,
        "f": 0.052278,
        "prob": 0.02,
        "color": [
            119,
            87,
            109
        ]
    },
    "41": {
        "r": 0.12651183658851847,
        "s": 0.8360590575527546,
        "theta": 22.241421442262286,
        "phi": 22.241421442262286,
        "e": 0.393864,
        "f": 0.10245,
        "prob": 0.02,
        "color": [
            8,
            192,
            187
        ]
    },
    "42": {
        "r": 0.17292909890472455,
        "s": 0.8277052170072386,
        "theta": 59.221255616354334,
        "phi": 59.221255616354334,
        "e": 0.377918,
        "f": 0.151006,
        "prob": 0.02,
        "color": [
            191,
            46,
            219
        ]
    },
    "43": {
        "r": 0.25374689459577626,
        "s": 0.8066054824931455,
        "theta": 76.67341030398607,
        "phi": 76.67341030398607,
        "e": 0.356012,
        "f": 0.197181,
        "prob": 0.02,
        "color": [
            159,
            48,
            113
        ]
    },
    "44": {
        "r": 0.34247304877902435,
        "s": 0.7731184881872895,
        "theta": 85.38354640195546,
        "phi": 85.38354640195546,
        "e": 0.328492,
        "f": 0.240246,
        "prob": 0.02,
        "color": [
            72,
            228,
            184
        ]
    },
    "45": {
        "r": 0.430443738420017,
        "s": 0.727817216598371,
        "theta": 90.505286937318,
        "phi": 90.505286937318,
        "e": 0.29579,
        "f": 0.279523,
        "prob": 0.02,
        "color": [
            71,
            83,
            194
        ]
    },
    "46": {
        "r": 0.5139037367455116,
        "s": 0.6714927471127293,
        "theta": 93.91583378730012,
        "phi": 93.91583378730012,
        "e": 0.258425,
        "f": 0.314391,
        "prob": 0.02,
        "color": [
            116,
            175,
            57
        ]
    },
    "47": {
        "r": 0.5905767604545576,
        "s": 0.6051601101791162,
        "theta": 96.40107769648216,
        "phi": 96.40107769648216,
        "e": 0.216983,
        "f": 0.344301,
        "prob": 0.02,
        "color": [
            46,
            48,
            182
        ]
    },
    "48": {
        "r": 0.6587959861747793,
        "s": 0.5300820850245743,
        "theta": 98.33943993822089,
        "phi": 98.33943993822089,
        "e": 0.17212,
        "f": 0.368782,
        "prob": 0.02,
        "color": [
            72,
            22,
            9
        ]
    },
    "49": {
        "r": 0.7172424821474255,
        "s": 0.4478426304908902,
        "theta": 99.93536933373593,
        "phi": 99.93536933373593,
        "e": 0.124542,
        "f": 0.387446,
        "prob": 0.02,
        "color": [
            74,
            152,
            120
        ]
    }
}