{
    "0": {
        "r": 0.2757271013466032,
        "s": 0.4162101681242303,
        "theta": 83.58557292168538,
        "phi": 83.58557292168538,
        "e": 0.02265,
        "f": 0.181,
        "prob": 0.01,
        "color": [
            255,
            0,
            0
        ]
    },
    "1": {
        "r": 0.22260081358791123,
        "s": 0.4468841061852614,
        "theta": 86.18287753972331,
        "phi": 86.18287753972331,
        "e": -0.000214,
        "f": 0.182412,
        "prob": 0.01,
        "color": [
            0,
            255,
            0
        ]
    },
    "2": {
        "r": 0.1667168699382279,
        "s": 0.47059756790701757,
        "theta": 90.48080159092032,
        "phi": 90.48080159092032,
        "e": -0.023074,
        "f": 0.180946,
        "prob": 0.01,
        "color": [
            0,
            0,
            255
        ]
    },
    "3": {
        "r": 0.11010001475930874,
        "s": 0.4869641003451897,
        "theta": 99.19582417365027,
        "phi": 99.19582417365027,
        "e": -0.045571,
        "f": 0.176628,
        "prob": 0.01,
        "color": [
            255,
            255,
            0
        ]
    },
    "4": {
        "r": 0.059320309439516584,
        "s": 0.4957194715612853,
        "theta": 124.3999795541114,
        "phi": 124.3999795541114,
        "e": -0.067349,
        "f": 0.169523,
        "prob": 0.01,
        "color": [
            255,
            0,
            255
        ]
    },
    "5": {
        "r": 0.05025309514845827,
        "s": 0.4967198742279193,
        "theta": -166.69380389143623,
        "phi": -166.69380389143623,
        "e": -0.088065,
        "f": 0.159745,
        "prob": 0.01,
        "color": [
            0,
            255,
            255
        ]
    },
    "6": {
        "r": 0.09593780565553915,
        "s": 0.489950946831415,
        "theta": -131.4622832263778,
        "phi": -131.4622832263778,
        "e": -0.107392,
        "f": 0.147448,
        "prob": 0.01,
        "color": [
            128,
            0,
            0
        ]
    },
    "7": {
        "r": 0.1521024907751349,
        "s": 0.4755222110070149,
        "theta": -120.47471245801296,
        "phi": -120.47471245801296,
        "e": -0.125025,
        "f": 0.132826,
        "prob": 0.01,
        "color": [
            0,
            128,
            0
        ]
    },
    "8": {
        "r": 0.2084312985254374,
        "s": 0.45366626494924656,
        "theta": -115.44184727391432,
        "phi": -115.44184727391432,
        "e": -0.140687,
        "f": 0.116109,
        "prob": 0.01,
        "color": [
            0,
            0,
            128
        ]
    },
    "9": {
        "r": 0.2623992678800762,
        "s": 0.4247392398589987,
        "theta": -112.52698071858417,
        "phi": -112.52698071858417,
        "e": -0.15413,
        "f": 0.09756,
        "prob": 0.01,
        "color": [
            128,
            128,
            0
        ]
    },
    "10": {
        "r": 0.31267768662634055,
        "s": 0.3892165289424384,
        "theta": -110.58433366785466,
        "phi": -110.58433366785466,
        "e": -0.165142,
        "f": 0.077474,
        "prob": 0.01,
        "color": [
            128,
            0,
            128
        ]
    },
    "11": {
        "r": 0.35828641685109974,
        "s": 0.34768852562746444,
        "theta": -109.16165809441404,
        "phi": -109.16165809441404,
        "e": -0.17355,
        "f": 0.056165,
        "prob": 0.01,
        "color": [
            0,
            128,
            128
        ]
    },
    "12": {
        "r": 0.39841635339177534,
        "s": 0.3008662730782565,
        "theta": -108.04530456405055,
        "phi": -108.04530456405055,
        "e": -0.179221,
        "f": 0.03397,
        "prob": 0.01,
        "color": [
            255,
            128,
            0
        ]
    },
    "13": {
        "r": 0.43238834126974335,
        "s": 0.2495937889331383,
        "theta": -107.12015799595106,
        "phi": -107.12015799595106,
        "e": -0.182065,
        "f": 0.01124,
        "prob": 0.01,
        "color": [
            255,
            0,
            128
        ]
    },
    "14": {
        "r": 0.4596372765094232,
        "s": 0.19490998220973701,
        "theta": -106.31832854208047,
        "phi": -106.31832854208047,
        "e": -0.182038,
        "f": -0.011667,
        "prob": 0.01,
        "color": [
            0,
            255,
            128
        ]
    },
    "15": {
        "r": 0.47971886568072347,
        "s": 0.13829777711879537,
        "theta": -105.595670898814,
        "phi": -105.595670898814,
        "e": -0.179141,
        "f": -0.034391,
        "prob": 0.01,
        "color": [
            128,
            255,
            0
        ]
    },
    "16": {
        "r": 0.49230534179206303,
        "s": 0.08301828031223003,
        "theta": -104.92085409839054,
        "phi": -104.92085409839054,
        "e": -0.173418,
        "f": -0.056572,
        "prob": 0.01,
        "color": [
            128,
            0,
            255
        ]
    },
    "17": {
        "r": 0.4971924603289957,
        "s": 0.04533924580316704,
        "theta": -104.26978991861364,
        "phi": -104.26978991861364,
        "e": -0.16496,
        "f": -0.077861,
        "prob": 0.01,
        "color": [
            0,
            128,
            255
        ]
    },
    "18": {
        "r": 0.49430322770643526,
        "s": 0.07014864641602146,
        "theta": -103.62140677220216,
        "phi": -103.62140677220216,
        "e": -0.153901,
        "f": -0.097922,
        "prob": 0.01,
        "color": [
            192,
            192,
            192
        ]
    },
    "19": {
        "r": 0.4836822841463185,
        "s": 0.12372399965245225,
        "theta": -102.95491984056142,
        "phi": -102.95491984056142,
        "e": -0.140414,
        "f": -0.116438,
        "prob": 0.01,
        "color": [
            135,
            171,
            73
        ]
    },
    "20": {
        "r": 0.46550292243658364,
        "s": 0.18045401889678156,
        "theta": -102.2470620158927,
        "phi": -102.2470620158927,
        "e": -0.124713,
        "f": -0.133119,
        "prob": 0.01,
        "color": [
            53,
            197,
            100
        ]
    },
    "21": {
        "r": 0.4400592437252057,
        "s": 0.23580556377023845,
        "theta": -101.46921595573589,
        "phi": -101.46921595573589,
        "e": -0.107046,
        "f": -0.1477,
        "prob": 0.01,
        "color": [
            35,
            214,
            211
        ]
    },
    "22": {
        "r": 0.40776765527074366,
        "s": 0.2880652501535026,
        "theta": -100.5810724107917,
        "phi": -100.5810724107917,
        "e": -0.08769,
        "f": -0.159952,
        "prob": 0.01,
        "color": [
            202,
            88,
            31
        ]
    },
    "23": {
        "r": 0.3691615807014592,
        "s": 0.33611900223730284,
        "theta": -99.52230932389635,
        "phi": -99.52230932389635,
        "e": -0.066951,
        "f": -0.169681,
        "prob": 0.01,
        "color": [
            216,
            223,
            140
        ]
    },
    "24": {
        "r": 0.32489045120624893,
        "s": 0.3790819951844192,
        "theta": -98.19362516643498,
        "phi": -98.19362516643498,
        "e": -0.045157,
        "f": -0.176734,
        "prob": 0.01,
        "color": [
            139,
            148,
            141
        ]
    },
    "25": {
        "r": 0.2757271013466032,
        "s": 0.4162101681242303,
        "theta": -96.4144270783146,
        "phi": -96.4144270783146,
        "e": -0.02265,
        "f": -0.181,
        "prob": 0.01,
        "color": [
            125,
            77,
            34
        ]
    },
    "26": {
        "r": 0.22260081358791123,
        "s": 0.4468841061852614,
        "theta": -93.81712246027669,
        "phi": -93.81712246027669,
        "e": 0.000214,
        "f": -0.182412,
        "prob": 0.01,
        "color": [
            68,
            195,
            65
        ]
    },
    "27": {
        "r": 0.1667168699382279,
        "s": 0.47059756790701757,
        "theta": -89.51919840907968,
        "phi": -89.51919840907968,
        "e": 0.023074,
        "f": -0.180946,
        "prob": 0.01,
        "color": [
            225,
            148,
            222
        ]
    },
    "28": {
        "r": 0.11010001475930874,
        "s": 0.4869641003451897,
        "theta": -80.80417582634973,
        "phi": -80.80417582634973,
        "e": 0.045571,
        "f": -0.176628,
        "prob": 0.01,
        "color": [
            10,
            220,
            227
        ]
    },
    "29": {
        "r": 0.059320309439516584,
        "s": 0.4957194715612853,
        "theta": -55.600020445888624,
        "phi": -55.600020445888624,
        "e": 0.067349,
        "f": -0.169523,
        "prob": 0.01,
        "color": [
            154,
            170,
            39
        ]
    },
    "30": {
        "r": 0.05025309514845827,
        "s": 0.4967198742279193,
        "theta": 13.306196108563777,
        "phi": 13.306196108563777,
        "e": 0.088065,
        "f": -0.159745,
        "prob": 0.01,
        "color": [
            167,
            46,
            91
        ]
    },
    "31": {
        "r": 0.09593780565553915,
        "s": 0.489950946831415,
        "theta": 48.53771677362224,
        "phi": 48.53771677362224,
        "e": 0.107392,
        "f": -0.147448,
        "prob": 0.01,
        "color": [
            184,
            57,
            154
        ]
    },
    "32": {
        "r": 0.1521024907751349,
        "s": 0.4755222110070149,
        "theta": 59.52528754198703,
        "phi": 59.52528754198703,
        "e": 0.125025,
        "f": -0.132826,
        "prob": 0.01,
        "color": [
            8,
            24,
            157
        ]
    },
    "33": {
        "r": 0.2084312985254374,
        "s": 0.45366626494924656,
        "theta": 64.5581527260857,
        "phi": 64.5581527260857,
        "e": 0.140687,
        "f": -0.116109,
        "prob": 0.01,
        "color": [
            152,
            101,
            121
        ]
    },
    "34": {
        "r": 0.2623992678800762,
        "s": 0.4247392398589987,
        "theta": 67.47301928141584,
        "phi": 67.47301928141584,
        "e": 0.15413,
        "f": -0.09756,
        "prob": 0.01,
        "color": [
            29,
            97,
            115
        ]
    },
    "35": {
        "r": 0.31267768662634055,
        "s": 0.3892165289424384,
        "theta": 69.41566633214534,
        "phi": 69.41566633214534,
        "e": 0.165142,
        "f": -0.077474,
        "prob": 0.01,
        "color": [
            80,
            125,
            120
        ]
    },
    "36": {
        "r": 0.35828641685109974,
        "s": 0.34768852562746444,
        "theta": 70.83834190558596,
        "phi": 70.83834190558596,
        "e": 0.17355,
        "f": -0.056165,
        "prob": 0.01,
        "color": [
            77,
            62,
            134
        ]
    },
    "37": {
        "r": 0.39841635339177534,
        "s": 0.3008662730782565,
        "theta": 71.95469543594945,
        "phi": 71.95469543594945,
        "e": 0.179221,
        "f": -0.03397,
        "prob": 0.01,
        "color": [
            46,
            161,
            62
        ]
    },
    "38": {
        "r": 0.43238834126974335,
        "s": 0.2495937889331383,
        "theta": 72.87984200404895,
        "phi": 72.87984200404895,
        "e": 0.182065,
        "f": -0.01124,
        "prob": 0.01,
        "color": [
            47,
            18,
            190
        ]
    },
    "39": {
        "r": 0.4596372765094232,
        "s": 0.19490998220973701,
        "theta": 73.68167145791955,
        "phi": 73.68167145791955,
        "e": 0.182038,
        "f": 0.011667,
        "prob": 0.01,
        "color": [
            24,
            184,
            103
        ]
    },
    "40": {
        "r": 0.47971886568072347,
        "s": 0.13829777711879537,
        "theta": 74.404329101186,
        "phi": 74.404329101186,
        "e": 0.179141,
        "f": 0.034391,
        "prob": 0.01,
        "color": [
            12,
            181,
            107
        ]
    },
    "41": {
        "r": 0.49230534179206303,
        "s": 0.08301828031223003,
        "theta": 75.07914590160946,
        "phi": 75.07914590160946,
        "e": 0.173418,
        "f": 0.056572,
        "prob": 0.01,
        "color": [
            255,
            96,
            38
        ]
    },
    "42": {
        "r": 0.4971924603289957,
        "s": 0.04533924580316704,
        "theta": 75.73021008138636,
        "phi": 75.73021008138636,
        "e": 0.16496,
        "f": 0.077861,
        "prob": 0.01,
        "color": [
            222,
            247,
            118
        ]
    },
    "43": {
        "r": 0.49430322770643526,
        "s": 0.07014864641602146,
        "theta": 76.37859322779786,
        "phi": 76.37859322779786,
        "e": 0.153901,
        "f": 0.097922,
        "prob": 0.01,
        "color": [
            126,
            210,
            168
        ]
    },
    "44": {
        "r": 0.4836822841463185,
        "s": 0.12372399965245225,
        "theta": 77.04508015943857,
        "phi": 77.04508015943857,
        "e": 0.140414,
        "f": 0.116438,
        "prob": 0.01,
        "color": [
            133,
            196,
            70
        ]
    },
    "45": {
        "r": 0.46550292243658364,
        "s": 0.18045401889678156,
        "theta": 77.7529379841073,
        "phi": 77.7529379841073,
        "e": 0.124713,
        "f": 0.133119,
        "prob": 0.01,
        "color": [
            27,
            42,
            36
        ]
    },
    "46": {
        "r": 0.4400592437252057,
        "s": 0.23580556377023845,
        "theta": 78.53078404426411,
        "phi": 78.53078404426411,
        "e": 0.107046,
        "f": 0.1477,
        "prob": 0.01,
        "color": [
            7,
            37,
            132
        ]
    },
    "47": {
        "r": 0.40776765527074366,
        "s": 0.2880652501535026,
        "theta": 79.41892758920831,
        "phi": 79.41892758920831,
        "e": 0.08769,
        "f": 0.159952,
        "prob": 0.01,
        "color": [
            164,
            31,
            51
        ]
    },
    "48": {
        "r": 0.3691615807014592,
        "s": 0.33611900223730284,
        "theta": 80.47769067610365,
        "phi": 80.47769067610365,
        "e": 0.066951,
        "f": 0.169681,
        "prob": 0.01,
        "color": [
            142,
            209,
            167
        ]
    },
    "49": {
        "r": 0.32489045120624893,
        "s": 0.3790819951844192,
        "theta": 81.80637483356502,
        "phi": 81.80637483356502,
        "e": 0.045157,
        "f": 0.176734,
        "prob": 0.01,
        "color": [
            227,
            15,
            189
        ]
    },
    "50": {
        "r": 0.2757271013466032,
        "s": 0.4162101681242303,
        "theta": 83.58557292168538,
        "phi": 83.58557292168538,
        "e": 0.02265,
        "f": -0.181,
        "prob": 0.01,
        "color": [
            241,
            178,
            151
        ]
    },
    "51": {
        "r": 0.32489045120624893,
        "s": 0.3790819951844192,
        "theta": 81.80637483356502,
        "phi": 81.80637483356502,
        "e": 0.045157,
        "f": -0.176734,
        "prob": 0.01,
        "color": [
            40,
            3,
            149
        ]
    },
    "52": {
        "r": 0.3691615807014592,
        "s": 0.33611900223730284,
        "theta": 80.47769067610365,
        "phi": 80.47769067610365,
        "e": 0.066951,
        "f": -0.169681,
        "prob": 0.01,
        "color": [
            207,
            199,
            214
        ]
    },
    "53": {
        "r": 0.40776765527074366,
        "s": 0.2880652501535026,
        "theta": 79.41892758920831,
        "phi": 79.41892758920831,
        "e": 0.08769,
        "f": -0.159952,
        "prob": 0.01,
        "color": [
            138,
            75,
            62
        ]
    },
    "54": {
        "r": 0.4400592437252057,
        "s": 0.23580556377023845,
        "theta": 78.53078404426411,
        "phi": 78.53078404426411,
        "e": 0.107046,
        "f": -0.1477,
        "prob": 0.01,
        "color": [
            195,
            153,
            156
        ]
    },
    "55": {
        "r": 0.46550292243658364,
        "s": 0.18045401889678156,
        "theta": 77.7529379841073,
        "phi": 77.7529379841073,
        "e": 0.124713,
        "f": -0.133119,
        "prob": 0.01,
        "color": [
            201,
            238,
            211
        ]
    },
    "56": {
        "r": 0.4836822841463185,
        "s": 0.12372399965245225,
        "theta": 77.04508015943857,
        "phi": 77.04508015943857,
        "e": 0.140414,
        "f": -0.116438,
        "prob": 0.01,
        "color": [
            151,
            234,
            75
        ]
    },
    "57": {
        "r": 0.49430322770643526,
        "s": 0.07014864641602146,
        "theta": 76.37859322779786,
        "phi": 76.37859322779786,
        "e": 0.153901,
        "f": -0.097922,
        "prob": 0.01,
        "color": [
            64,
            103,
            46
        ]
    },
    "58": {
        "r": 0.4971924603289957,
        "s": 0.04533924580316704,
        "theta": 75.73021008138636,
        "phi": 75.73021008138636,
        "e": 0.16496,
        "f": -0.077861,
        "prob": 0.01,
        "color": [
            89,
            29,
            183
        ]
    },
    "59": {
        "r": 0.49230534179206303,
        "s": 0.08301828031223003,
        "theta": 75.07914590160946,
        "phi": 75.07914590160946,
        "e": 0.173418,
        "f": -0.056572,
        "prob": 0.01,
        "color": [
            89,
            160,
            81
        ]
    },
    "60": {
        "r": 0.47971886568072347,
        "s": 0.13829777711879537,
        "theta": 74.404329101186,
        "phi": 74.404329101186,
        "e": 0.179141,
        "f": -0.034391,
        "prob": 0.01,
        "color": [
            157,
            102,
            5
        ]
    },
    "61": {
        "r": 0.4596372765094232,
        "s": 0.19490998220973701,
        "theta": 73.68167145791955,
        "phi": 73.68167145791955,
        "e": 0.182038,
        "f": -0.011667,
        "prob": 0.01,
        "color": [
            138,
            124,
            55
        ]
    },
    "62": {
        "r": 0.43238834126974335,
        "s": 0.2495937889331383,
        "theta": 72.87984200404895,
        "phi": 72.87984200404895,
        "e": 0.182065,
        "f": 0.01124,
        "prob": 0.01,
        "color": [
            72,
            200,
            2
        ]
    },
    "63": {
        "r": 0.39841635339177534,
        "s": 0.3008662730782565,
        "theta": 71.95469543594945,
        "phi": 71.95469543594945,
        "e": 0.179221,
        "f": 0.03397,
        "prob": 0.01,
        "color": [
            114,
            87,
            110
        ]
    },
    "64": {
        "r": 0.35828641685109974,
        "s": 0.34768852562746444,
        "theta": 70.83834190558596,
        "phi": 70.83834190558596,
        "e": 0.17355,
        "f": 0.056165,
        "prob": 0.01,
        "color": [
            56,
            90,
            226
        ]
    },
    "65": {
        "r": 0.31267768662634055,
        "s": 0.3892165289424384,
        "theta": 69.41566633214534,
        "phi": 69.41566633214534,
        "e": 0.165142,
        "f": 0.077474,
        "prob": 0.01,
        "color": [
            250,
            175,
            88
        ]
    },
    "66": {
        "r": 0.2623992678800762,
        "s": 0.4247392398589987,
        "theta": 67.47301928141584,
        "phi": 67.47301928141584,
        "e": 0.15413,
        "f": 0.09756,
        "prob": 0.01,
        "color": [
            2,
            158,
            170
        ]
    },
    "67": {
        "r": 0.2084312985254374,
        "s": 0.45366626494924656,
        "theta": 64.5581527260857,
        "phi": 64.5581527260857,
        "e": 0.140687,
        "f": 0.116109,
        "prob": 0.01,
        "color": [
            180,
            201,
            77
        ]
    },
    "68": {
        "r": 0.1521024907751349,
        "s": 0.4755222110070149,
        "theta": 59.52528754198703,
        "phi": 59.52528754198703,
        "e": 0.125025,
        "f": 0.132826,
        "prob": 0.01,
        "color": [
            244,
            42,
            253
        ]
    },
    "69": {
        "r": 0.09593780565553915,
        "s": 0.489950946831415,
        "theta": 48.53771677362224,
        "phi": 48.53771677362224,
        "e": 0.107392,
        "f": 0.147448,
        "prob": 0.01,
        "color": [
            15,
            142,
            237
        ]
    },
    "70": {
        "r": 0.05025309514845827,
        "s": 0.4967198742279193,
        "theta": 13.306196108563777,
        "phi": 13.306196108563777,
        "e": 0.088065,
        "f": 0.159745,
        "prob": 0.01,
        "color": [
            53,
            89,
            148
        ]
    },
    "71": {
        "r": 0.059320309439516584,
        "s": 0.4957194715612853,
        "theta": -55.600020445888624,
        "phi": -55.600020445888624,
        "e": 0.067349,
        "f": 0.169523,
        "prob": 0.01,
        "color": [
            174,
            147,
            225
        ]
    },
    "72": {
        "r": 0.11010001475930874,
        "s": 0.4869641003451897,
        "theta": -80.80417582634973,
        "phi": -80.80417582634973,
        "e": 0.045571,
        "f": 0.176628,
        "prob": 0.01,
        "color": [
            47,
            223,
            127
        ]
    },
    "73": {
        "r": 0.1667168699382279,
        "s": 0.47059756790701757,
        "theta": -89.51919840907968,
        "phi": -89.51919840907968,
        "e": 0.023074,
        "f": 0.180946,
        "prob": 0.01,
        "color": [
            46,
            25,
            253
        ]
    },
    "74": {
        "r": 0.22260081358791123,
        "s": 0.4468841061852614,
        "theta": -93.81712246027669,
        "phi": -93.81712246027669,
        "e": 0.000214,
        "f": 0.182412,
        "prob": 0.01,
        "color": [
            247,
            41,
            43
        ]
    },
    "75": {
        "r": 0.2757271013466032,
        "s": 0.4162101681242303,
        "theta": -96.4144270783146,
        "phi": -96.4144270783146,
        "e": -0.02265,
        "f": 0.181,
        "prob": 0.01,
        "color": [
            237,
            110,
            133
        ]
    },
    "76": {
        "r": 0.32489045120624893,
        "s": 0.3790819951844192,
        "theta": -98.19362516643498,
        "phi": -98.19362516643498,
        "e": -0.045157,
        "f": 0.176734,
        "prob": 0.01,
        "color": [
            39,
            62,
            185
        ]
    },
    "77": {
        "r": 0.3691615807014592,
        "s": 0.33611900223730284,
        "theta": -99.52230932389635,
        "phi": -99.52230932389635,
        "e": -0.066951,
        "f": 0.169681,
        "prob": 0.01,
        "color": [
            168,
            197,
            216
        ]
    },
    "78": {
        "r": 0.40776765527074366,
        "s": 0.2880652501535026,
        "theta": -100.5810724107917,
        "phi": -100.5810724107917,
        "e": -0.08769,
        "f": 0.159952,
        "prob": 0.01,
        "color": [
            76,
            23,
            249
        ]
    },
    "79": {
        "r": 0.4400592437252057,
        "s": 0.23580556377023845,
        "theta": -101.46921595573589,
        "phi": -101.46921595573589,
        "e": -0.107046,
        "f": 0.1477,
        "prob": 0.01,
        "color": [
            22,
            213,
            213
        ]
    },
    "80": {
        "r": 0.46550292243658364,
        "s": 0.18045401889678156,
        "theta": -102.2470620158927,
        "phi": -102.2470620158927,
        "e": -0.124713,
        "f": 0.133119,
        "prob": 0.01,
        "color": [
            222,
            101,
            200
        ]
    },
    "81": {
        "r": 0.4836822841463185,
        "s": 0.12372399965245225,
        "theta": -102.95491984056142,
        "phi": -102.95491984056142,
        "e": -0.140414,
        "f": 0.116438,
        "prob": 0.01,
        "color": [
            97,
            64,
            110
        ]
    },
    "82": {
        "r": 0.49430322770643526,
        "s": 0.07014864641602146,
        "theta": -103.62140677220216,
        "phi": -103.62140677220216,
        "e": -0.153901,
        "f": 0.097922,
        "prob": 0.01,
        "color": [
            206,
            243,
            56
        ]
    },
    "83": {
        "r": 0.4971924603289957,
        "s": 0.04533924580316704,
        "theta": -104.26978991861364,
        "phi": -104.26978991861364,
        "e": -0.16496,
        "f": 0.077861,
        "prob": 0.01,
        "color": [
            143,
            37,
            100
        ]
    },
    "84": {
        "r": 0.49230534179206303,
        "s": 0.08301828031223003,
        "theta": -104.92085409839054,
        "phi": -104.92085409839054,
        "e": -0.173418,
        "f": 0.056572,
        "prob": 0.01,
        "color": [
            166,
            231,
            236
        ]
    },
    "85": {
        "r": 0.47971886568072347,
        "s": 0.13829777711879537,
        "theta": -105.595670898814,
        "phi": -105.595670898814,
        "e": -0.179141,
        "f": 0.034391,
        "prob": 0.01,
        "color": [
            66,
            212,
            37
        ]
    },
    "86": {
        "r": 0.4596372765094232,
        "s": 0.19490998220973701,
        "theta": -106.31832854208047,
        "phi": -106.31832854208047,
        "e": -0.182038,
        "f": 0.011667,
        "prob": 0.01,
        "color": [
            207,
            43,
            182
        ]
    },
    "87": {
        "r": 0.43238834126974335,
        "s": 0.2495937889331383,
        "theta": -107.12015799595106,
        "phi": -107.12015799595106,
        "e": -0.182065,
        "f": -0.01124,
        "prob": 0.01,
        "color": [
            165,
            25,
            220
        ]
    },
    "88": {
        "r": 0.39841635339177534,
        "s": 0.3008662730782565,
        "theta": -108.04530456405055,
        "phi": -108.04530456405055,
        "e": -0.179221,
        "f": -0.03397,
        "prob": 0.01,
        "color": [
            151,
            92,
            132
        ]
    },
    "89": {
        "r": 0.35828641685109974,
        "s": 0.34768852562746444,
        "theta": -109.16165809441404,
        "phi": -109.16165809441404,
        "e": -0.17355,
        "f": -0.056165,
        "prob": 0.01,
        "color": [
            206,
            65,
            214
        ]
    },
    "90": {
        "r": 0.31267768662634055,
        "s": 0.3892165289424384,
        "theta": -110.58433366785466,
        "phi": -110.58433366785466,
        "e": -0.165142,
        "f": -0.077474,
        "prob": 0.01,
        "color": [
            92,
            142,
            204
        ]
    },
    "91": {
        "r": 0.2623992678800762,
        "s": 0.4247392398589987,
        "theta": -112.52698071858417,
        "phi": -112.52698071858417,
        "e": -0.15413,
        "f": -0.09756,
        "prob": 0.01,
        "color": [
            88,
            119,
            186
        ]
    },
    "92": {
        "r": 0.2084312985254374,
        "s": 0.45366626494924656,
        "theta": -115.44184727391432,
        "phi": -115.44184727391432,
        "e": -0.140687,
        "f": -0.116109,
        "prob": 0.01,
        "color": [
            51,
            240,
            79
        ]
    },
    "93": {
        "r": 0.1521024907751349,
        "s": 0.4755222110070149,
        "theta": -120.47471245801296,
        "phi": -120.47471245801296,
        "e": -0.125025,
        "f": -0.132826,
        "prob": 0.01,
        "color": [
            75,
            10,
            253
        ]
    },
    "94": {
        "r": 0.09593780565553915,
        "s": 0.489950946831415,
        "theta": -131.4622832263778,
        "phi": -131.4622832263778,
        "e": -0.107392,
        "f": -0.147448,
        "prob": 0.01,
        "color": [
            238,
            169,
            195
        ]
    },
    "95": {
        "r": 0.05025309514845827,
        "s": 0.4967198742279193,
        "theta": -166.69380389143623,
        "phi": -166.69380389143623,
        "e": -0.088065,
        "f": -0.159745,
        "prob": 0.01,
        "color": [
            98,
            240,
            179
        ]
    },
    "96": {
        "r": 0.059320309439516584,
        "s": 0.4957194715612853,
        "theta": 124.3999795541114,
        "phi": 124.3999795541114,
        "e": -0.067349,
        "f": -0.169523,
        "prob": 0.01,
        "color": [
            17,
            179,
            8
        ]
    },
    "97": {
        "r": 0.11010001475930874,
        "s": 0.4869641003451897,
        "theta": 99.19582417365027,
        "phi": 99.19582417365027,
        "e": -0.045571,
        "f": -0.176628,
        "prob": 0.01,
        "color": [
            255,
            50,
            33
        ]
    },
    "98": {
        "r": 0.1667168699382279,
        "s": 0.47059756790701757,
        "theta": 90.48080159092032,
        "phi": 90.48080159092032,
        "e": -0.023074,
        "f": -0.180946,
        "prob": 0.01,
        "color": [
            191,
            41,
            58
        ]
    },
    "99": {
        "r": 0.22260081358791123,
        "s": 0.4468841061852614,
        "theta": 86.18287753972331,
        "phi": 86.18287753972331,
        "e": -0.000214,
        "f": -0.182412,
        "prob": 0.01,
        "color": [
            13,
            126,
            251
        ]
    }
}