{
    "0": {
        "r": 0.5773502018922311,
        "s": 0.5773502018922311,
        "theta": 29.99998843242657,
        "phi": 29.99998843242657,
        "e": 0.0,
        "f": 0.0,
        "prob": 0.5,
        "color": [
            255,
            0,
            0
        ]
    },
    "1": {
        "r": 0.5773502018922311,
        "s": 0.5773502018922311,
        "theta": 150.00001156757344,
        "phi": 150.00001156757344,
        "e": 1.0,
        "f": 0.0,
        "prob": 0.5,
        "color": [
            0,
            255,
            0
        ]
    }
}