{
    "0": {
        "r": 0.94999968033942,
        "s": 0.94999968033942,
        "theta": -10.000017559539646,
        "phi": -10.000017559539646,
        "e": 0.0,
        "f": 0.0,
        "prob": 0.919682,
        "color": [
            255,
            0,
            0
        ]
    },
    "1": {
        "r": 0.1,
        "s": 0.1,
        "theta": 0.0,
        "phi": 0.0,
        "e": 0.75,
        "f": -0.75,
        "prob": 0.02008,
        "color": [
            0,
            255,
            0
        ]
    },
    "2": {
        "r": 0.1,
        "s": 0.1,
        "theta": 0.0,
        "phi": 0.0,
        "e": -0.75,
        "f": 0.75,
        "prob": 0.02008,
        "color": [
            0,
            0,
            255
        ]
    },
    "3": {
        "r": 0.1,
        "s": 0.1,
        "theta": 0.0,
        "phi": 0.0,
        "e": 0.75,
        "f": 0.75,
        "prob": 0.02008,
        "color": [
            255,
            255,
            0
        ]
    },
    "4": {
        "r": 0.1,
        "s": 0.1,
        "theta": 0.0,
        "phi": 0.0,
        "e": -0.75,
        "f": -0.75,
        "prob": 0.02008,
        "color": [
            255,
            0,
            255
        ]
    }
}